{
 "s1": {
  "depth_float_reading": 0.20479381663113008,
  "level_eroll": -170.5,
  "level_epitch": -18.38,
  "heading_drift_deg_per_min": -0.818355118967689
 },
 "s2": {
  "roll": {
   "k_median": 0.26935168310839225,
   "c_median": 1.0088074400921015e-15,
   "k_all": [
    0.266,
    0.559,
    0.269,
    0.04,
    0.76
   ],
   "c_all": [
    0.0,
    0.122,
    0.0,
    0.0,
    0.225
   ],
   "peaks_deg": [
    -38.5,
    -50.6,
    -54.8,
    -52.2,
    -55.4
   ],
   "rms_deg": [
    7.2,
    3.28,
    5.59,
    11.08,
    4.85
   ]
  },
  "pitch": {
   "k_median": 0.055110759917964366,
   "c_median": 4.227119362134682e-17,
   "k_all": [
    0.07,
    0.027,
    0.055,
    0.315,
    0.034
   ],
   "c_all": [
    0.0,
    0.0,
    0.0,
    0.0,
    0.0
   ],
   "peaks_deg": [
    -39.8,
    -38.6,
    -36.1,
    -44.5,
    -41.6
   ],
   "rms_deg": [
    8.83,
    9.48,
    8.48,
    6.6,
    7.7
   ]
  }
 },
 "s3": {
  "T20_pair_N": 1.2153100197764466,
  "T30_pair_N": 2.727962236805688,
  "T40_pair_N": 4.225599676997391,
  "drag_quad_N_per_ms2": 125.82119246778835,
  "dB_dz_N_per_m": 1.999999999997276,
  "rms_m": 0.004041443408986389,
  "assumptions": {
   "B0_N": 1.0,
   "added_mass_factor": 1.0,
   "mass": 9.98
  },
  "notes": "fit window down20..down40 pre-contact (z<1.95); T = per-PAIR (2 motors)",
  "neutral_depth_m": 0.500000000000681
 },
 "s4": {
  "steady_rate_degps": {
   "10": 19.0,
   "20": 49.0,
   "30": 78.7,
   "40": 101.8,
   "-10": -18.8,
   "-20": -51.5,
   "-30": -79.6,
   "-40": -103.6
  },
  "c2_over_I": 0.811052749130532,
  "c1_over_I": 0.19140445453468902,
  "yaw_drag_c2": 0.3519968931226509,
  "yaw_drag_c1": 0.08306953326805504,
  "Iz_prior": 0.434,
  "tau_at_cmd_Nm": {
   "10": 0.0664,
   "20": 0.3281,
   "30": 0.7774,
   "40": 1.2583,
   "-10": -0.0652,
   "-20": -0.3594,
   "-30": -0.7953,
   "-40": -1.3009
  },
  "note": "tau from steady balance with decay-fitted drag; scales with Iz prior"
 },
 "s7": [
  {
   "name": "t0+20",
   "thr": 0,
   "amp": 20,
   "depth": 0.15423957408150893,
   "bottom": false,
   "yaw_pk": -0.009492999999999991,
   "roll_pk": -0.11126,
   "pitch_pk": 0.02945,
   "dvz": -0.05962036971947759
  },
  {
   "name": "t0-20",
   "thr": 0,
   "amp": -20,
   "depth": 0.1895098612406031,
   "bottom": false,
   "yaw_pk": 0.023508499999999998,
   "roll_pk": 0.20617,
   "pitch_pk": -0.01636,
   "dvz": 0.0206362830148314
  },
  {
   "name": "t0+40",
   "thr": 0,
   "amp": 40,
   "depth": 0.3457949440405596,
   "bottom": false,
   "yaw_pk": -0.1109365,
   "roll_pk": -0.25089,
   "pitch_pk": 0.05018,
   "dvz": -0.06092265248449278
  },
  {
   "name": "t0-40",
   "thr": 0,
   "amp": -40,
   "depth": 0.3522226461723711,
   "bottom": false,
   "yaw_pk": 0.1276275,
   "roll_pk": 0.45269,
   "pitch_pk": -0.01527,
   "dvz": 0.07413801092433175
  },
  {
   "name": "t1+20",
   "thr": 1,
   "amp": 20,
   "depth": 0.822636522528122,
   "bottom": false,
   "yaw_pk": 0.023559500000000004,
   "roll_pk": 0.1429,
   "pitch_pk": -0.024,
   "dvz": -0.05108095564524369
  },
  {
   "name": "t1-20",
   "thr": 1,
   "amp": -20,
   "depth": 1.1074328015425665,
   "bottom": false,
   "yaw_pk": 0.0020155000000000034,
   "roll_pk": -0.11999,
   "pitch_pk": -0.03382,
   "dvz": 0.03326634273912138
  },
  {
   "name": "t1+40",
   "thr": 1,
   "amp": 40,
   "depth": 1.5220937560080547,
   "bottom": false,
   "yaw_pk": 0.02307,
   "roll_pk": 0.38724,
   "pitch_pk": -0.024,
   "dvz": -0.08083374829626734
  },
  {
   "name": "t1-40",
   "thr": 1,
   "amp": -40,
   "depth": 1.7432761226690492,
   "bottom": false,
   "yaw_pk": -0.161337,
   "roll_pk": -0.36106,
   "pitch_pk": -0.39924,
   "dvz": -0.015722413798948745
  },
  {
   "name": "t2+20",
   "thr": 2,
   "amp": 20,
   "depth": 1.9139517640885526,
   "bottom": true,
   "yaw_pk": 0.03103249999999999,
   "roll_pk": 0.04581,
   "pitch_pk": 0.06981
  },
  {
   "name": "t2-20",
   "thr": 2,
   "amp": -20,
   "depth": 1.909738345286828,
   "bottom": true,
   "yaw_pk": 0.020072,
   "roll_pk": 0.06218,
   "pitch_pk": -0.05236
  },
  {
   "name": "t2+40",
   "thr": 2,
   "amp": 40,
   "depth": 1.9116101322193262,
   "bottom": true,
   "yaw_pk": 0.3533165,
   "roll_pk": 0.1189,
   "pitch_pk": -0.15599
  },
  {
   "name": "t2-40",
   "thr": 2,
   "amp": -40,
   "depth": 1.918078051201866,
   "bottom": true,
   "yaw_pk": -0.39330200000000004,
   "roll_pk": -0.18653,
   "pitch_pk": 0.17453
  },
  {
   "name": "t3+20",
   "thr": 3,
   "amp": 20,
   "depth": 1.9081280608977684,
   "bottom": true,
   "yaw_pk": 0.247941,
   "roll_pk": 0.07527,
   "pitch_pk": -0.036
  },
  {
   "name": "t3-20",
   "thr": 3,
   "amp": -20,
   "depth": 1.9091185623262212,
   "bottom": true,
   "yaw_pk": -0.17098249999999998,
   "roll_pk": -0.06109,
   "pitch_pk": 0.05127
  },
  {
   "name": "t3+40",
   "thr": 3,
   "amp": 40,
   "depth": 1.935773223654863,
   "bottom": true,
   "yaw_pk": 0.6186655,
   "roll_pk": 0.11563,
   "pitch_pk": -0.11672
  },
  {
   "name": "t3-40",
   "thr": 3,
   "amp": -40,
   "depth": 1.957604885221359,
   "bottom": true,
   "yaw_pk": -0.3411535,
   "roll_pk": -0.1898,
   "pitch_pk": 0.18326
  },
  {
   "name": "t4+20",
   "thr": 4,
   "amp": 20,
   "depth": 1.9557863905988757,
   "bottom": true,
   "yaw_pk": 0.07407350000000001,
   "roll_pk": 0.07309,
   "pitch_pk": -0.02618
  },
  {
   "name": "t4-20",
   "thr": 4,
   "amp": -20,
   "depth": 1.9657614901805733,
   "bottom": true,
   "yaw_pk": -0.120866,
   "roll_pk": 0.05127,
   "pitch_pk": 0.05781
  },
  {
   "name": "t4+40",
   "thr": 4,
   "amp": 40,
   "depth": 1.9667539982554545,
   "bottom": true,
   "yaw_pk": 0.313015,
   "roll_pk": -0.18435,
   "pitch_pk": -0.15708
  },
  {
   "name": "t4-40",
   "thr": 4,
   "amp": -40,
   "depth": 1.981877071641751,
   "bottom": true,
   "yaw_pk": -0.5935170000000001,
   "roll_pk": -0.15817,
   "pitch_pk": 0.25525
  },
  {
   "name": "t5+20",
   "thr": 5,
   "amp": 20,
   "depth": 2.022155997271488,
   "bottom": true,
   "yaw_pk": 0.261034,
   "roll_pk": 0.05236,
   "pitch_pk": -0.04254
  },
  {
   "name": "t5-20",
   "thr": 5,
   "amp": -20,
   "depth": 2.065672869275412,
   "bottom": true,
   "yaw_pk": -0.0887945,
   "roll_pk": 0.11672,
   "pitch_pk": 0.048
  },
  {
   "name": "t5+40",
   "thr": 5,
   "amp": 40,
   "depth": 2.058741000423675,
   "bottom": true,
   "yaw_pk": 0.5836480000000001,
   "roll_pk": 0.15381,
   "pitch_pk": -0.25198
  },
  {
   "name": "t5-40",
   "thr": 5,
   "amp": -40,
   "depth": 2.06527588937855,
   "bottom": true,
   "yaw_pk": -0.5489075000000001,
   "roll_pk": -0.12654,
   "pitch_pk": 0.13854
  }
 ]
}